{"max_eff": -1.0, "_timestamp": 1665050460.2540648, "_runtime": 57.14247488975525, "_step": 0, "_wandb": {"runtime": 56}}