{"max_eff": -1.0, "_timestamp": 1665050224.4999676, "_runtime": 57.752227544784546, "_step": 0, "_wandb": {"runtime": 57}}