{"max_eff": 0.132449391669364, "_timestamp": 1665048640.9333515, "_runtime": 154.05037760734558, "_step": 0, "_wandb": {"runtime": 153}}