{"_timestamp": 1665047077.7787802, "_runtime": 646.0985412597656, "_step": 44, "eff_mean": 0.07061961445705993, "eff_min": 0.035635540400891945, "eff_max": 0.19929233111214523}