{"_timestamp": 1665047233.5855489, "_runtime": 57.9571099281311, "_step": 0, "_wandb": {"runtime": 57}}